title,portal_title,parent_and_id_1,parent_and_id_2,parent_and_id_3,parent_and_id_4,type,url,begin,nuts,ags,rs,gml,wikidata,accountable,email,twitter,facebook,hosting,technology,api,api_list_children,dcat_ap_de,last_check
Aachen,Aachen,offenedaten.aachen.de|stadt-aachen,,,,municipality,https://offenedaten.aachen.de/organization/stadt-aachen,,,,053340002002,https://registry.gdi-de.org/id/de.bund.bkg.regschluessel/053340002002,Q1017,,,,,,,,,,2023-02-05
Aachen (Portal),Aachen,open.nrw|aachen,,,,portal,https://offenedaten.aachen.de/,,,,,,Q97145394,,offenedaten@mail.aachen.de,https://twitter.com/opendataaachen,,regio iT - gesellschaft für informationstechnologie mbH,CKAN,http://offenedaten.aachen.de/api/3/action/package_list,https://offenedaten.aachen.de/api/3/action/organization_list,,2023-02-05
Altenahr,Verbandsgemeinde Altenahr,daten.rlp.de|verbandsgemeinde_altenahr,,,,collectiveMunicipality,https://daten.rlp.de/organization/verbandsgemeinde_altenahr,,,,071315002,https://registry.gdi-de.org/id/de.bund.bkg.regschluessel/071315002,Q559976,,info@altenahr.de,,,,,,,,2023-05-14
Altenberge,Gemeinde Altenberge,geoportal.de|GemeindeAltenberge,,,,municipality,https://www.o-sp.de/altenberge/opendata,,,,055660004004,https://registry.gdi-de.org/id/de.bund.bkg.regschluessel/055660004004,Q181809,,,,,,,,,,2023-05-21
Altenkirchen-Flammersfeld,Verbandsgemeinde Altenkirchen,daten.rlp.de|verbandsgemeinde_altenkirchen,,,,collectiveMunicipality,,,,,071325010,https://registry.gdi-de.org/id/de.bund.bkg.regschluessel/071325010,Q56245020,,,,,,,,,,2023-05-14
Amt Süderbrarup,Amt Süderbrarup,opendata.schleswig-holstein.de|amt-suederbrarup,,,,collectiveMunicipality,https://opendata.schleswig-holstein.de/organization/amt-suederbrarup,,,,010595974,https://registry.gdi-de.org/id/de.bund.bkg.regschluessel/010595974,Q316729,,,,,,,,,,2023-02-05
Andernach,Stadt Andernach,daten.rlp.de|stadt_andernach,,,,municipality,https://daten.rlp.de/organization/stadt_andernach,,,,071370003003,https://registry.gdi-de.org/id/de.bund.bkg.regschluessel/071370003003,Q490058,,,,,,,,,,2023-05-21
Arnsberg,Stadt Arnsberg,geoportal.de|StadtArnsberg,,,,municipality,http://offenedaten.arnsberg.de,,,,059580004004,https://registry.gdi-de.org/id/de.bund.bkg.regschluessel/059580004004,Q3912,Elmar Kettler,pressestelle.kettler@arnsberg.de,,,,Website,,,,2023-05-21
Attendorn,Hansestadt Attendorn,geoportal.de|HansestadtAttendorn,,,,municipality,https://www.o-sp.de/attendorn/opendata,,,,059660004004,https://registry.gdi-de.org/id/de.bund.bkg.regschluessel/059660004004,Q10887,,,,,,,,,,2023-05-21
Augsburg,Stadt Augsburg,http://dcat-ap.de/def/contributors/stadtAugsburg,,,,municipality,,,,,,https://registry.gdi-de.org/id/de.bund.bkg.regschluessel/097610000000,Q2749,,,,,,,,,,
Auswärtiges Amt,Auswärtiges Amt,http://dcat-ap.de/def/contributors/auswaertigesAmt,,,,federal,,,,,,,Q56034,,,,,,,,,,
AWSH - Abfallwirtschaft Südholstein GmbH,AWSH - Abfallwirtschaft Südholstein GmbH,opendata.schleswig-holstein.de|awsh-abfallwirtschaft-sudholstein-gmbh,,,,dumping,https://opendata.schleswig-holstein.de/organization/awsh-abfallwirtschaft-sudholstein-gmbh,,,,,,,,,,,,,,,,2023-02-05
Bad Münstereifel,Bad Münstereifel,offenedaten.kdvz-frechen.de|bad-münstereifel,,,,municipality,http://offenedaten.kdvz-frechen.de/group/bad-m%C3%BCnstereifel,2016-11-08,,,053660004004,https://registry.gdi-de.org/id/de.bund.bkg.regschluessel/053660004004,Q241450,,offene-daten@kdvz-frechen.de,https://twitter.com/OpenDataKDVZ,,Stadt Köln,DKAN,,,,2023-05-21
Bayern,Bayern,http://dcat-ap.de/def/contributors/openDataBayern,,,,state,https://opendata.bayern,,,,09,https://registry.gdi-de.org/id/de.bund.bkg.regschluessel/09,Q980,,open-data@byte.bayern,,,,Piveau,https://opendata.bayern/api/hub/search/,https://opendata.bayern/api/hub/search/catalogues,,2023-05-25
Beauftragter der Bundesregierung für Kultur und Medien,Die Beauftragte der Bundesregierung für Kultur und Medien,http://dcat-ap.de/def/contributors/dieBeauftragteDerBundesregierungFuerKulturUndMedien,,,,federalAgency,,,,,,,Q813386,,,,,,,,,,
Bedburg,Bedburg,offenedaten.kdvz-frechen.de|bedburg,,,,municipality,http://offenedaten.kdvz-frechen.de/group/bedburg,2017-04-29,,,053620004004,https://registry.gdi-de.org/id/de.bund.bkg.regschluessel/053620004004,Q245292,,offene-daten@kdvz-frechen.de,https://twitter.com/OpenDataKDVZ,,Stadt Köln,DKAN,,,,2023-05-21
Bedburg-Hau,Gemeinde Bedburg-Hau,geoportal.de|GemeindeBedburgHau,,,,municipality,,,,,051540004004,https://registry.gdi-de.org/id/de.bund.bkg.regschluessel/051540004004,Q243433,,,,,,,,,,2023-05-21
Bergheim,Bergheim,offenedaten.kdvz-frechen.de|bergheim,,,,municipality,http://offenedaten.kdvz-frechen.de/group/bergheim,2016-11-08,,,053620008008,https://registry.gdi-de.org/id/de.bund.bkg.regschluessel/053620008008,Q3989,,offene-daten@kdvz-frechen.de,https://twitter.com/OpenDataKDVZ,,Stadt Köln,DKAN,,,,2023-05-21
Bergkamen,Stadt Bergkamen,geoportal.de|StadtBergkamen,,,,municipality,https://www.o-sp.de/bergkamen/opendata,,,,059780004004,https://registry.gdi-de.org/id/de.bund.bkg.regschluessel/059780004004,Q4192,,,,,,,,,,2023-05-21
Berlin,Berlin,http://dcat-ap.de/def/contributors/berlinOpenData,,,,municipality+state,https://daten.berlin.de,2011-09-23,,,11,https://registry.gdi-de.org/id/de.bund.bkg.regschluessel/11,Q64,Senatsverwaltung für Wirtschaft， Energie und Betriebe,opendata@berlin.de,https://twitter.com/OpenDataBerlin,,BerlinOnline Stadtportal GmbH & Co. KG,CKAN,https://datenregister.berlin.de/api/3/action/package_list,https://datenregister.berlin.de/api/3/action/organization_list,https://datenregister.berlin.de/catalog.ttl,2023-02-06
Bernkastel-Kues,Verbandsgemeinde Bernkastel Kues,daten.rlp.de|verbandsgemeinde_bernkastel_kues,,,,collectiveMunicipality,,,,,072315001,https://registry.gdi-de.org/id/de.bund.bkg.regschluessel/072315001,Q643228,,,,,,,,,,2023-05-14
Bezirksversammlung,ALLRIS,suche.transparenz.hamburg.de|allris,,,,municipalityAgency,,,,,,,Q854388,,,,,,CKAN,,,,2023-04-11
Bielefeld,Bielefeld,open.nrw|bielefeld,mcloud.de|OpenNRWBielefeld,,,municipality,https://open-data.bielefeld.de/,,,,057110000000,https://registry.gdi-de.org/id/de.bund.bkg.regschluessel/057110000000,Q2112,,opendata@bielefeld.de,,,Stadt Köln,DKAN,https://open-data.bielefeld.de/api/3/action/package_list,,,2023-05-21
Bocholt,Stadt Bocholt,geoportal.de|StadtBocholt,,,,municipality,,,,,055540008008,https://registry.gdi-de.org/id/de.bund.bkg.regschluessel/055540008008,Q3917,,,,,,,,,,2023-05-21
Bochum,Stadt Bochum,opendata.ruhr|stadt-bochum,geoportal.de|StadtBochum,,,municipality,http://www.bochum.de/opendata,,,,059110000000,https://registry.gdi-de.org/id/de.bund.bkg.regschluessel/059110000000,Q2103,Frau auf'm Kamp und Frau Hartweg und Frau Vidakovic,info@bochum.de,,,,Website,,,,2023-05-21
Bonn,Bonn,open.nrw|bonn,,,,municipality,http://opendata.bonn.de/,2014-05-28,,,053140000000,https://registry.gdi-de.org/id/de.bund.bkg.regschluessel/053140000000,Q586,Sven Hense,opendata@bonn.de,https://twitter.com/opendatabonn,,Stadt Köln,DKAN,https://opendata.bonn.de/api/3/action/package_list,,,2023-05-14
Bottrop,Stadt Bottrop,opendata.ruhr|bottrop,www.offenesdatenportal.de|stadt-bottrop,geoportal.de|StadtBottrop,,municipality,https://www.offenesdatenportal.de/organization/stadt-bottrop,,,,055120000000,https://registry.gdi-de.org/id/de.bund.bkg.regschluessel/055120000000,Q3069,,,,,,,,,,2023-05-21
Brandenburg,Brandenburg,http://dcat-ap.de/def/contributors/landBrandenburg,,,,state,https://datenadler.de/,,,,12,https://registry.gdi-de.org/id/de.bund.bkg.regschluessel/12,Q1208,Frank Schiersner,frank.schiersner@mik.brandenburg.de,,,Inqbus scientific computing,PKAN,,https://datenadler.de/publisher,,2023-02-05
Braunschweig,Stadt Braunschweig,geoportal.de|StadtBraunschweig,,,,municipality,http://www.braunschweig.de/leben/stadtplanung_bauen/geoinformationen/opengeodata.html,,,,031010000000,https://registry.gdi-de.org/id/de.bund.bkg.regschluessel/031010000000,Q2773,,opengeodata@braunschweig.de,,,,Website,,,,2023-05-21
Bremen,Freie Hansestadt Bremen,http://dcat-ap.de/def/contributors/transparenzportalBremen,,,,municipality+state,http://daten.bremen.de/,,,,04,https://registry.gdi-de.org/id/de.bund.bkg.regschluessel/04,Q1209,,transparenz@finanzen.bremen.de,,,,Website,,,,2023-02-15
Brohltal,Verbandsgemeinde Brohltal,daten.rlp.de|verbandsgemeinde_brohltal,,,,collectiveMunicipality,https://daten.rlp.de/organization/vg_brohltal,,,,071315004,https://registry.gdi-de.org/id/de.bund.bkg.regschluessel/071315004,Q634710,,,,,,,,,,2023-05-21
Brühl,Brühl (Rheinland),offenedaten.kdvz-frechen.de|brühl,,,,municipality,http://offenedaten.kdvz-frechen.de/group/br%C3%BChl,2016-11-08,,,053620012012,https://registry.gdi-de.org/id/de.bund.bkg.regschluessel/053620012012,Q7036,,offene-daten@kdvz-frechen.de,https://twitter.com/OpenDataKDVZ,,Stadt Köln,DKAN,,,,2023-05-21
Bundesamt für Bauwesen und Raumordnung,Bundesamt für Bauwesen und Raumordnung (BBR),http://dcat-ap.de/def/contributors/bundesamtFuerBauwesenUndRaumordnung,,,,federalAgency,,,,,,,Q1005429,,,,,,,,,,
Bundesamt für Justiz,Bundesamt für Justiz,http://dcat-ap.de/def/contributors/bundesamtFuerJustiz,,,,federalAgency,,,,,,,Q1005444,,,,,,,,,,
Bundesamt für Soziale Sicherung,Bundesversicherungsamt,http://dcat-ap.de/def/contributors/bundesversicherungsamt,,,,federalAgency,,,,,,,Q1009200,,,,,,,,,,
Bundesamt für Verbraucherschutz und Lebensmittelsicherheit,Bundesamt für Verbraucherschutz und Lebensmittelsicherheit,http://dcat-ap.de/def/contributors/bundesamtFuerVerbraucherschutzUndLebensmittelsicherheit,,,,federalAgency,,,,,,,Q18124763,,,,,,,,,,
Bundesamt für Wirtschaft und Ausfuhrkontrolle,Bundesamt für Wirtschaft und Ausfuhrkontrolle,http://dcat-ap.de/def/contributors/bundesamtFuerWirtschaftUndAusfuhrkontrolle,,,,federalAgency,,,,,,,Q1005513,,,,,,,,,,
Bundesanstalt für Arbeitsschutz und Arbeitsmedizin,Bundesanstalt für Arbeitsschutz und Arbeitsmedizin,http://dcat-ap.de/def/contributors/bundesanstaltFuerArbeitsschutzUndArbeitsmedizin,,,,federalAgency,,,,,,,Q1005523,,,,,,,,,,
Bundesanstalt für Materialforschung und -prüfung,Bundesanstalt für Materialforschung und -prüfung (BAM),http://dcat-ap.de/def/contributors/bundesanstaltFuerMaterialforschungUndPruefung,,,,federalAgency,,,,,,,Q1005540,,,,,,,,,,
Bundesarchiv,Bundesarchiv,http://dcat-ap.de/def/contributors/bundesarchiv,,,,federalAgency,,,,,,,Q685753,,,,,,,,,,
Bundesausgleichsamt,Bundesausgleichsamt,http://dcat-ap.de/def/contributors/bundesausgleichsamt,,,,federalAgency,,,,,,,Q1005650,,,,,,,,,,
Bundesbeauftragter für den Datenschutz und die Informationsfreiheit,Der Bundesbeauftragte für den Datenschutz und die Informationsfreiheit,http://dcat-ap.de/def/contributors/derBundesbeauftragteFuerDenDatenschutzUndDieInformationsfreiheit,,,,federalAgency,,,,,,,Q1005821,,,,,,,,,,
Bundesinstitut für Bau-， Stadt- und Raumforschung,Bundesinstitut für Bau-， Stadt- und Raumforschung (BBSR) im Bundesamt für Bauwesen und Raumordnung (BBR),http://dcat-ap.de/def/contributors/bundesinstitutFuerBauStadtUndRaumforschungImBundesamtFuerBauwesenundRaumordnung,,,,federalAgency,,,,,,,Q111431906,,,,,,,,,,
Bundesministerium der Finanzen,Bundesministerium der Finanzen,http://dcat-ap.de/def/contributors/bundesministeriumDerFinanzen,,,,federal,,,,,,,Q499118,,,,,,,,,,
Bundesministerium der Verteidigung,Bundesministerium der Verteidigung,http://dcat-ap.de/def/contributors/bundesministeriumDerVerteidigung,,,,federal,,,,,,,Q493353,,,,,,,,,,
Bundesministerium des Innern und Heimat,Bundesministerium des Innern und Heimat,http://dcat-ap.de/def/contributors/bundesministeriumDesInnernUndHeimat,,,,federal,,,,,,,Q502698,,,,,,,,,,2023-04-21
Bundesministerium für Arbeit und Soziales,Bundesministerium für Arbeit und Soziales,http://dcat-ap.de/def/contributors/bundesministeriumFuerArbeitUndSoziales,,,,federal,,,,,,,Q491578,,,,,,,,,,
Bundesministerium für Bildung und Forschung,Bundesministerium für Bildung und Forschung,http://dcat-ap.de/def/contributors/bundesministeriumFuerBildungUndForschung,,,,federal,,,,,,,Q492234,,,,,,,,,,
Bundesministerium für Digitales und Verkehr,mCLOUD,http://dcat-ap.de/def/contributors/mCloud,,,,federal,https://www.mcloud.de/,2016-05-18,,,,,Q491637,Dr. Roland Goetzke,mcloud@bmvi.bund.de,,,ITZBund,InGRID,,https://www.mcloud.de/web/guest/suche/,https://www.mcloud.de/export/datasets?page=1&pageSize=10000,2023-02-13
Bundesministerium für Ernährung und Landwirtschaft,Bundesministerium für Ernährung und Landwirtschaft,http://dcat-ap.de/def/contributors/bundesministeriumFuerErnaehrungUndLandwirtschaft,,,,federal,,,,,,,Q699656,,,,,,,,,,
Bundesministerium für Familie， Senioren， Frauen und Jugend,Bundesministerium für Familie， Senioren， Frauen und Jugend,http://dcat-ap.de/def/contributors/bundesministeriumFuerFamilieSeniorenFrauenUndJugend,,,,federal,,,,,,,Q166020,,,,,,,,,,
Bundesministerium für Wirtschaft und Klimaschutz,Bundesministerium für Wirtschaft und Klimaschutz,http://dcat-ap.de/def/contributors/bundesministeriumFuerWirtschaftUndKlimaschutz,,,,federal,,,,,,,Q488589,,,,,,,,,,
Bundesministerium für wirtschaftliche Zusammenarbeit und Entwicklung,Bundesministerium für wirtschaftliche Zusammenarbeit und Entwicklung,http://dcat-ap.de/def/contributors/bundesministeriumFuerWirtschaftlicheZusammenarbeitUndEntwicklung,,,,federal,,,,,,,Q684357,,,,,,,,,,
Bundessortenamt,Bundessortenamt,http://dcat-ap.de/def/contributors/bundessortenamt,,,,federalAgency,,,,,,,Q1006713,,,,,,,,,,
Bundesverwaltungsamt,Bundesverwaltungsamt,http://dcat-ap.de/def/contributors/bundesverwaltungsamt,,,,federalAgency,,,,,,,Q1009218,,,,,,,,,,
Bundeszentralamt für Steuern,Bundeszentralamt für Steuern,http://dcat-ap.de/def/contributors/bundeszentralamtFuerSteuern,,,,federalAgency,,,,,,,Q1009314,,,,,,,,,,
Burgbrohl,Ortsgemeinde Burgbrohl,daten.rlp.de|ortsgemeinde_burgbrohl,,,,municipality,https://daten.rlp.de/organization/og_burgbrohl,,,,071315004202,https://registry.gdi-de.org/id/de.bund.bkg.regschluessel/071315004202,Q563764,,,,,,,,,,2023-05-21
Bönen,Gemeinde Bönen,geoportal.de|GemeindeBnen,,,,municipality,https://www.o-sp.de/boenen/opendata.php,,,,059780008008,https://registry.gdi-de.org/id/de.bund.bkg.regschluessel/059780008008,Q10938,,,,,,,,,,2023-05-21
Chemnitz,Stadt Chemnitz,geoportal.de|StadtChemnitz,,,,municipality,http://portal-chemnitz.opendata.arcgis.com/,2017-03-07,,,145110000000,https://registry.gdi-de.org/id/de.bund.bkg.regschluessel/145110000000,Q2795,,,,,Amt für Informationsverarbeitung,ArcGIS,,,,2023-05-21
Cochem,Verbandsgemeinde Cochem,daten.rlp.de|verbandsgemeinde_cochem,,,,collectiveMunicipality,https://daten.rlp.de/organization/verbandsgemeinde_cochem,,,,071355001,https://registry.gdi-de.org/id/de.bund.bkg.regschluessel/071355001,Q511057,,,,,,,,,,2023-05-14
Dedenbach,Ortsgemeinde Dedenbach,daten.rlp.de|ortsgemeinde_dedenbach,,,,municipality,https://daten.rlp.de/organization/og_dedenbach,,,,071315004016,https://registry.gdi-de.org/id/de.bund.bkg.regschluessel/071315004016,Q569741,,,,,,,,,,2023-05-21
Deutsche Nationalbibliothek,Deutsche Nationalbibliothek,http://dcat-ap.de/def/contributors/deutscheNationalbibliothek,,,,other,,,,,,,Q27302,,,,,,,,,,
Deutsche Rentenversicherung Bund,Deutsche Rentenversicherung Bund,http://dcat-ap.de/def/contributors/deutscheRentenversicherungBund,,,,federalCooperation,,,,,,,Q1203782,,,,,,,,,,2023-05-21
Deutsches Patent- und Markenamt,Deutsches Patent- und Markenamt,http://dcat-ap.de/def/contributors/deutschesPatentUndMarkenamt,,,,federalAgency,,,,,,,Q314296,,,,,,,,,,
Deutschland,govdata - Datenportal für Deutschland,data.europa.eu|govdata,,,,country,https://www.govdata.de/,2016-01-17,,,,,Q59273239,Thomas Tursics,info@govdata.de,https://twitter.com/govdata_de,https://www.facebook.com/govdata.de/,SEITENBAU GmbH,CKAN+Liferay,https://ckan.govdata.de/api/3/action/package_list,https://ckan.govdata.de/api/3/action/organization_list,https://ckan.govdata.de/catalog.rdf,2023-04-18
Dierdorf,Verbandsgemeinde Dierdorf,daten.rlp.de|verbandsgemeinde_dierdorf,,,,collectiveMunicipality,https://daten.rlp.de/organization/verbandsgemeinde_dierdorf,,,,071385003,https://registry.gdi-de.org/id/de.bund.bkg.regschluessel/071385003,Q537915,,,,,,,,,,2023-05-21
Dormagen,Dormagen,open.nrw|dormagen,mcloud.de|OpenNRWDormagen,,,municipality,https://opendata.dormagen.de,2017-12-07,,,051620004004,https://registry.gdi-de.org/id/de.bund.bkg.regschluessel/051620004004,Q3978,,opendata@stadt-dormagen.de,,,OpenDataSoft,OpenDataSoft,https://opendata.dormagen.de/api/v2/catalog/datasets,,,2023-05-21
Dortmund,Dortmund,open.nrw|dortmund,,,,municipality,https://opendata.dortmund.de/,2018-08-23,,,059130000000,https://registry.gdi-de.org/id/de.bund.bkg.regschluessel/059130000000,Q1295,,opendata@dortmund.de,https://twitter.com/DortmundData,,,Website,,,,2023-02-26
Dresden,Stadt Dresden,www.opendata.sachsen.de|StadtDresden,geoportal.de|LandeshauptstadtDresden,mcloud.de|GovDataLandeshauptstadtDresden,,municipality,https://opendata.dresden.de,,,,146120000000,https://registry.gdi-de.org/id/de.bund.bkg.regschluessel/146120000000,Q1731,,statistik@dresden.de,,,,DUVA,,,,2023-05-21
Duisburg,Duisburg,open.nrw|duisburg,opendata.ruhr|duisburg,geoportal.de|StadtDuisburg,mcloud.de|OpenNRWDuisburg,municipality,https://opendata-duisburg.de/,2019-03-19,,,051120000000,https://registry.gdi-de.org/id/de.bund.bkg.regschluessel/051120000000,Q2100,,,,,Stadt Köln,DKAN,https://opendata-duisburg.de/api/3/action/package_list,,https://opendata-duisburg.de/catalog.xml,2023-05-21
Dülmen,Stadt Dülmen,geoportal.de|StadtDlmen,,,,municipality,https://www.o-sp.de/duelmen/opendata.php,,,,055580016016,https://registry.gdi-de.org/id/de.bund.bkg.regschluessel/055580016016,Q6910,,,,,,,,,,2023-05-21
Düsseldorf,Düsseldorf,open.nrw|duesseldorf,,,,municipality,https://opendata.duesseldorf.de/,2017-12-06,,,051110000000,https://registry.gdi-de.org/id/de.bund.bkg.regschluessel/051110000000,Q1718,,opendata@duesseldorf.de,https://twitter.com/opendataddorf,,Stadt Köln,DKAN,https://opendata.duesseldorf.de/api/3/action/package_list,,https://opendata.duesseldorf.de/catalog.xml,2023-05-14
Eich,Verbandsgemeinde Eich,daten.rlp.de|verbandsgemeinde_eich,,,,collectiveMunicipality,https://daten.rlp.de/organization/verbandsgemeinde_eich,,,,073315002,https://registry.gdi-de.org/id/de.bund.bkg.regschluessel/073315002,Q251357,,,,,,,,,,2023-05-21
Elmshorn,Stadt Elmshorn,opendata.schleswig-holstein.de|elmshorn,,,,municipality,,,,,010560015015,https://registry.gdi-de.org/id/de.bund.bkg.regschluessel/010560015015,Q6845,,,,,,,,,,2023-05-08
Emmelshausen,"Verbandsgemeide Emmelshausen ",daten.rlp.de|verbandsgemeinde_emmelshausen,,,,collectiveMunicipality,https://daten.rlp.de/organization/verbandsgemeinde_emmelshausen,,,,071405009036,https://registry.gdi-de.org/id/de.bund.bkg.regschluessel/071405009036,Q539565,,,,,,,,,,2023-05-23
Ennigerloh,Stadt Ennigerloh,geoportal.de|StadtEnnigerloh,,,,municipality,https://www.o-sp.de/ennigerloh/opendata.php,,,,055700020020,https://registry.gdi-de.org/id/de.bund.bkg.regschluessel/055700020020,Q2760,,,,,,,,,,2023-05-23
Erftstadt,Stadt Erftstadt,geoportal.de|StadtErftstadt,,,,municipality,https://www.o-sp.de/erftstadt/opendata.php,,,,053620020020,https://registry.gdi-de.org/id/de.bund.bkg.regschluessel/053620020020,Q4195,,,,,,,,,,2023-05-23
Erzenhausen,Ortsgemeinde Erzenhausen,daten.rlp.de|ortsgemeinde_erzenhausen,,,,municipality,https://daten.rlp.de/organization/ortsgemeinde_erzenhausen,,,,073355009005,https://registry.gdi-de.org/id/de.bund.bkg.regschluessel/073355009005,Q567597,,,,,,,,,,2023-05-23
Essen,Essen,open.nrw|essen,opendata.ruhr|essen,,,municipality,https://opendata.essen.de/,,,,051130000000,https://registry.gdi-de.org/id/de.bund.bkg.regschluessel/051130000000,Q2066,,opendata@essen.de,,,Stadt Köln,DKAN,https://opendata.essen.de/api/3/action/package_list,,https://opendata.essen.de/catalog.xml,2023-05-23
Eulenbis,Ortsgemeinde Eulenbis,daten.rlp.de|ortsgemeinde_eulenbis,,,,municipality,https://daten.rlp.de/organization/ortsgemeinde_eulenbis,,,,073355009006,https://registry.gdi-de.org/id/de.bund.bkg.regschluessel/073355009006,Q285275,,,,,,,,,,2023-05-23
Everswinkel,Gemeinde Everswinkel,geoportal.de|GemeindeEverswinkel,,,,municipality,https://www.o-sp.de/everswinkel/opendata,,,,055700024024,https://registry.gdi-de.org/id/de.bund.bkg.regschluessel/055700024024,Q2809,,,,,,,,,,2023-05-23
Frankfurt am Main,Stadt Frankfurt am Main,http://dcat-ap.de/def/contributors/stadtFrankfurtAmMain,,,,municipality,http://offenedaten.frankfurt.de/,2014-10-15,,,,https://registry.gdi-de.org/id/de.bund.bkg.regschluessel/064120000000,Q1794,Michael Leist,offene.daten@stadt-frankfurt.de,,,,CKAN,http://offenedaten.frankfurt.de/api/3/action/package_list,,,2019-08-04
Freiburg im Breisgau,Stadt Freiburg im Breisgau,http://dcat-ap.de/def/contributors/stadtFreiburgImBreisgau,,,,municipality,http://opendata.freiburg.de,2017-04-01,,,,https://registry.gdi-de.org/id/de.bund.bkg.regschluessel/083110000000,Q2833,Thomas Willmann,thomas.willmann@stadt.freiburg.de,http://twitter.com/freiburg,http://www.facebook.com/stadtfreiburg,badenIT GmbH,Website,https://fritz.freiburg.de/duva2ckan/files/,,,2019-11-05
Friedrich-Loeffler-Institut,Friedrich-Loeffler-Institut,http://dcat-ap.de/def/contributors/friedrichLoefflerInstitut,,,,federalAgency,,,,,,,Q1457808,,,,,,,,,,
Föderale IT-Kooperation,FITKO (Föderale IT-Kooperation),http://dcat-ap.de/def/contributors/fitko,,,,federalCooperation,,,,,,,Q104760828,,,,,,,,,,2023-05-21
Galenberg,Ortsgemeinde Galenberg,daten.rlp.de|ortsgemeinde_galenberg,,,,municipality,https://daten.rlp.de/organization/ortsgemeinde_galenberg,,,,071315004204,https://registry.gdi-de.org/id/de.bund.bkg.regschluessel/071315004204,Q644473,,,,,,,,,,2023-05-23
GDI-DE,Geodateninfrastruktur Deutschland,http://dcat-ap.de/def/contributors/gdiDE,data.europa.eu|gdi-de,,,federalCooperation,https://www.gdi-de.org/,,,,,,Q1502855,,,,,Bundesamt für Kartographie und Geodäsie,,,https://geoportal.de,,2023-04-18
Geldern,Stadt Geldern,www.offenesdatenportal.de|stadt-geldern,geoportal.de|StadtGeldern,,,municipality,https://www.offenesdatenportal.de/organization/stadt-geldern,,,,051540012012,https://registry.gdi-de.org/id/de.bund.bkg.regschluessel/051540012012,Q16024,,,,,,,,,,2023-05-23
Gelsenkirchen,Stadt Gelsenkirchen,open.nrw|gelsenkirchen,opendata.ruhr|gelsenkirchen,geoportal.de|StadtGelsenkirchen,mcloud.de|GovDataStadtGelsenkirchen,municipality,https://opendata.gelsenkirchen.de/,2017-05-23,,,055130000000,https://registry.gdi-de.org/id/de.bund.bkg.regschluessel/055130000000,Q2765,Ulrike Karn und Manfred vom Sondern,ulrike.karn@gelsenkirchen.de,,,gkd-el,DKAN,https://opendata.gelsenkirchen.de/api/3/action/package_list,,,2023-05-23
Generalzolldirektion,Generalzolldirektion,http://dcat-ap.de/def/contributors/generalzolldirektion,,,,federalAgency,,,,,,,Q18287062,,,,,,,,,,
Geoportal Ruhr,Geoportal Ruhr,opendata.ruhr|geoportal-ruhr,,,,regionalNetwork,,,,,,,,,,,,,,,,,2023-05-14
GEOportal.NRW,Geoportal,open.nrw|geoportal,,,,stateAgency,,,,,,,,,,,,,,,,,2023-05-14
Gerolstein,Verbandsgemeinde Gerolstein,daten.rlp.de|verbandsgemeinde_gerolstein,,,,collectiveMunicipality,https://daten.rlp.de/organization/verbandsgemeinde_gerolstein,,,,072335006,https://registry.gdi-de.org/id/de.bund.bkg.regschluessel/072335006,Q52404118,,,,,,,,,,2023-05-14
Glees,Ortsgemeinde Glees,daten.rlp.de|ortsgemeinde_glees,,,,municipality,https://daten.rlp.de/organization/ortsgemeinde_glees,,,,071315004205,https://registry.gdi-de.org/id/de.bund.bkg.regschluessel/071315004205,Q644241,,,,,,,,,,2023-05-23
Glückstadt,Glückstadt,opendata.schleswig-holstein.de|glueckstadt,,,,municipality,https://opendata.schleswig-holstein.de/organization/glueckstadt,,,,010610029029,https://registry.gdi-de.org/id/de.bund.bkg.regschluessel/010610029029,Q377277,,,,,,,,,,2023-05-08
Goch,Stadt Goch,www.offenesdatenportal.de|stadt-goch,geoportal.de|StadtGoch,,,municipality,https://www.offenesdatenportal.de/organization/stadt-goch,,,,051540016016,https://registry.gdi-de.org/id/de.bund.bkg.regschluessel/051540016016,Q16006,Torsten Matenaers,pressestelle@goch.de,,,,,,,,2023-05-23
GovData - Sonstige,Sonstige,http://dcat-ap.de/def/contributors/govData,,,,portal,,,,,,,,,,,,,,,,,2023-05-21
Grafschaft,Gemeinde Grafschaft,daten.rlp.de|gemeinde_grafschaft,,,,municipality,https://daten.rlp.de/organization/gemeinde_grafschaft,,,,071310090090,https://registry.gdi-de.org/id/de.bund.bkg.regschluessel/071310090090,Q683790,,,,,,,,,,2023-05-23
Grevenbroich,Stadt Grevenbroich,geoportal.de|StadtGrevenbroich,,,,municipality,https://www.o-sp.de/grevenbroich/opendata.php,,,,051620008008,https://registry.gdi-de.org/id/de.bund.bkg.regschluessel/051620008008,Q3973,,,,,,,,,,2023-05-23
Haan,Stadt Haan,geoportal.de|StadtHaan,,,,municipality,,,,,051580008008,https://registry.gdi-de.org/id/de.bund.bkg.regschluessel/051580008008,Q2974,,,,,,,,,,2023-05-23
Hagen,Stadt Hagen,opendata.ruhr|hagen,geoportal.de|StadtHagen,,,municipality,https://opendata.ruhr/organization/hagen,,,,059140000000,https://registry.gdi-de.org/id/de.bund.bkg.regschluessel/059140000000,Q2871,,,,,,,,,,2023-05-23
Halle (Saale),Land Sachsen-Anhalt (Kommune) Kreisfreie Stadt Halle (Saale),geoportal.de|LandSachsenAnhaltKommuneKreisfreieStadtHalleSaale,,,,municipality,http://opendata.halle.de,,,,150020000000,https://registry.gdi-de.org/id/de.bund.bkg.regschluessel/150020000000,Q2814,,opendata@halle.de,,,,Website,,,,2023-05-23
Hamburg,Hamburg,http://dcat-ap.de/def/contributors/transparenzportalHamburg,,,,state,http://daten.hamburg.de/,2014-10-06,,,02,https://registry.gdi-de.org/id/de.bund.bkg.regschluessel/02,Q1055,Dominik Panić (Fachliche Leitstelle Transparenzportal),transparenzportal@bkm.hamburg.de,,,Staatsarchiv Hamburg,CKAN,http://suche.transparenz.hamburg.de/api/3/action/package_list,https://suche.transparenz.hamburg.de/api/3/action/organization_list,http://suche.transparenz.hamburg.de/catalog.xml,2023-02-05
Hamburg,StadtHamburg,suche.transparenz.hamburg.de|stadthamburg,,,,municipality,,,,,,,,,,,,,CKAN,,,,2023-04-11
Hamm,Verbandsgemeinde Hamm,daten.rlp.de|verbandsgemeinde_hamm,,,,collectiveMunicipality,https://daten.rlp.de/organization/verbandsgemeinde_hamm,,,,071325006,https://registry.gdi-de.org/id/de.bund.bkg.regschluessel/071325006,Q561426,,,,,,,,,,2023-05-23
Harsewinkel,Stadt Harsewinkel,geoportal.de|StadtHarsewinkel,,,,municipality,https://www.o-sp.de/harsewinkel/opendata.php,,,,057540016016,https://registry.gdi-de.org/id/de.bund.bkg.regschluessel/057540016016,Q225729,,,,,,,,,,2023-05-23
Hattingen,Stadt Hattingen,opendata.ruhr|hattingen,geoportal.de|StadtHattingen,,,municipality,https://www.o-sp.de/hattingen/opendata.php,,,,059540016016,https://registry.gdi-de.org/id/de.bund.bkg.regschluessel/059540016016,Q4082,,,,,,,,,,2023-05-23
Heerlen,Heerlen,offenedaten.aachen.de|gemeinde-heerlen,,,,municipality,https://www.heerlen.nl,,,,,,Q9799,,,,,,,,,,2023-02-05
Heiligenhaus,Stadt Heiligenhaus,geoportal.de|StadtHeiligenhaus,,,,municipality,https://www.o-sp.de/heiligenhaus/opendata,,,,051580012012,https://registry.gdi-de.org/id/de.bund.bkg.regschluessel/051580012012,Q161673,,,,,,,,,,2023-05-23
Heimbach,Heimbach (Eifel),offenedaten.kdvz-frechen.de|heimbach,geoportal.de|StadtHeimbach,,,municipality,http://offenedaten.kdvz-frechen.de/group/heimbach,2016-11-08,,,053580012012,https://registry.gdi-de.org/id/de.bund.bkg.regschluessel/053580012012,Q200138,,offene-daten@kdvz-frechen.de,https://twitter.com/OpenDataKDVZ,,Stadt Köln,DKAN,,,,2023-05-23
Herne,Stadt Herne,opendata.ruhr|herne,geoportal.de|StadtHerne,,,municipality,https://opendata.herne.de/,,,,059160000000,https://registry.gdi-de.org/id/de.bund.bkg.regschluessel/059160000000,Q2904,,opendata@herne.de,,,,GeoNetwork,https://opendata.herne.de/katalogopendata/doc/api/index.html,,,2023-05-23
Herzogtum Lauenburg,Kreis Herzogtum Lauenburg,opendata.schleswig-holstein.de|kreis-herzogtum-lauenburg,,,,district,,,,,01053,https://registry.gdi-de.org/id/de.bund.bkg.regschluessel/01053,Q3000,,,,,,,,,,2023-05-09
Hilden,Stadt Hilden,geoportal.de|StadtHilden,,,,municipality,,,,,051580016016,https://registry.gdi-de.org/id/de.bund.bkg.regschluessel/051580016016,Q4094,,,,,,,,,,2023-05-23
Hohenleimbach,Ortsgemeinde Hohenleimbach,daten.rlp.de|ortsgemeinde_hohenleimbach,,,,municipality,https://daten.rlp.de/organization/ortsgemeinde_hohenleimbach,,,,071315004206,https://registry.gdi-de.org/id/de.bund.bkg.regschluessel/071315004206,Q562916,,,,,,,,,,2023-05-23
Holzwickede,Gemeinde Holzwickede,opendata.ruhr|holzwickede,geoportal.de|GemeindeHolzwickede,,,municipality,https://www.holzwickede.de/seite/307793/open-data.html,,,,059780016016,https://registry.gdi-de.org/id/de.bund.bkg.regschluessel/059780016016,Q10941,Frau Koch,opendata@holzwickede.de,,,,,,,,2023-05-23
Hürtgenwald,Hürtgenwald,offenedaten.kdvz-frechen.de|hürtgenwald,,,,municipality,http://offenedaten.kdvz-frechen.de/group/h%C3%BCrtgenwald,2016-11-08,,,053580016016,https://registry.gdi-de.org/id/de.bund.bkg.regschluessel/053580016016,Q199974,,offene-daten@kdvz-frechen.de,https://twitter.com/OpenDataKDVZ,,Stadt Köln,DKAN,,,,2023-05-23
Hürth,Stadt Hürth,geoportal.de|StadtHrth,,,,municipality,https://www.o-sp.de/huerth/opendata.php,,,,053620028028,https://registry.gdi-de.org/id/de.bund.bkg.regschluessel/053620028028,Q4060,,,,,,,,,,2023-05-23
Informationstechnikzentrum Bund,ITZ-Bund,http://dcat-ap.de/def/contributors/itzBund,,,,federalAgency,,,,,,,Q23786362,,,,,,,,,,
Iserlohn,Stadt Iserlohn,geoportal.de|StadtIserlohn,,,,municipality,,,,,059620024024,https://registry.gdi-de.org/id/de.bund.bkg.regschluessel/059620024024,Q1130,,,,,,,,,,2023-05-23
Jockgrim,Verbandsgemeinde Jockgrim,daten.rlp.de|verbandsgemeinde_jockgrim,,,,collectiveMunicipality,https://daten.rlp.de/organization/verbandsgemeinde_jockgrim,,,,073345003,https://registry.gdi-de.org/id/de.bund.bkg.regschluessel/073345003,Q516953,,,,,,,,,,2023-05-14
Jugendring der Stadt Duisburg e.V.,Jugendring der Stadt Duisburg e.V.,geoportal.de|JugendringderStadtDuisburgeV,,,,municipalityAgency,,,,,,,,,,,,,,,,,2023-05-21
Jüchen,Stadt Jüchen,geoportal.de|StadtJchen,,,,municipality,https://www.o-sp.de/juechen/opendata.php,,,,051620012012,https://registry.gdi-de.org/id/de.bund.bkg.regschluessel/051620012012,Q255416,,,,,,,,,,2023-05-23
Jülich,Jülich,offenedaten.kdvz-frechen.de|jülich,,,,municipality,http://offenedaten.kdvz-frechen.de/group/j%C3%BClich,2016-11-08,,,053580024024,https://registry.gdi-de.org/id/de.bund.bkg.regschluessel/053580024024,Q16045,,offene-daten@kdvz-frechen.de,https://twitter.com/OpenDataKDVZ,,Stadt Köln,DKAN,,,,2023-05-23
Kall,Kall,offenedaten.kdvz-frechen.de|kall,,,,municipality,http://offenedaten.kdvz-frechen.de/group/kall,2016-11-08,,,053660024024,https://registry.gdi-de.org/id/de.bund.bkg.regschluessel/053660024024,Q240887,,offene-daten@kdvz-frechen.de,https://twitter.com/OpenDataKDVZ,,Stadt Köln,DKAN,,,,2023-05-23
Kastellaun,Verbandsgemeide Kastellaun,daten.rlp.de|verbandsgemeinde_kastellaun,,,,collectiveMunicipality,https://daten.rlp.de/organization/verbandsgemeinde_kastellaun,,,,071405003,https://registry.gdi-de.org/id/de.bund.bkg.regschluessel/071405003,Q560240,,,,,,,,,,2023-05-23
Kempenich,Ortsgemeinde Kempenich,daten.rlp.de|ortsgemeinde_kempenich,,,,municipality,https://daten.rlp.de/organization/ortsgemeinde_kempenich,,,,071315004502,https://registry.gdi-de.org/id/de.bund.bkg.regschluessel/071315004502,Q563845,,,,,,,,,,2023-05-23
Kerpen,Kerpen,offenedaten.kdvz-frechen.de|kerpen,,,,municipality,http://offenedaten.kdvz-frechen.de/group/kerpen,2016-11-08,,,053620032032,https://registry.gdi-de.org/id/de.bund.bkg.regschluessel/053620032032,Q3959,,offene-daten@kdvz-frechen.de,https://twitter.com/OpenDataKDVZ,,Stadt Köln,DKAN,,,,2023-05-23
Kiel,Landeshauptstadt Kiel,opendata.schleswig-holstein.de|landeshauptstadt-kiel,,,,municipality,https://opendata.schleswig-holstein.de/organization/landeshauptstadt-kiel,,,,010020000000,https://registry.gdi-de.org/id/de.bund.bkg.regschluessel/010020000000,Q1707,,,,,Dataport,CKAN,,,,2023-05-08
Kirchberg,Verbandsgemeide Kirchberg,daten.rlp.de|verbandsgemeinde_kirchberg,,,,collectiveMunicipality,https://daten.rlp.de/organization/verbandsgemeinde_kirchberg,,,,071405004,https://registry.gdi-de.org/id/de.bund.bkg.regschluessel/071405004,Q559333,,,,,,,,,,2023-05-23
Kleve,Kreis Kleve,www.offenesdatenportal.de|kreis-kleve,geoportal.de|KreisKleve,,,district,https://www.offenesdatenportal.de/organization/kreis-kleve,,,,05154,https://registry.gdi-de.org/id/de.bund.bkg.regschluessel/05154,Q6246,,,,,KRZN,CKAN,https://www.offenesdatenportal.de/api/3/action/organization_activity_list?id=kreis-kleve,,,2023-05-23
Kleve,Stadt Kleve,www.offenesdatenportal.de|stadt-kleve,,,,municipality,https://www.offenesdatenportal.de/organization/stadt-kleve,,,,051540036036,https://registry.gdi-de.org/id/de.bund.bkg.regschluessel/051540036036,Q6842,,,,,KRZN,CKAN,https://www.offenesdatenportal.de/api/3/action/organization_activity_list?id=stadt-kleve,,,2023-05-23
Kollweiler,Ortsgemeinde Kollweiler,daten.rlp.de|ortsgemeinde_kollweiler,,,,municipality,https://daten.rlp.de/organization/ortsgemeinde_kollweiler,,,,073355009019,https://registry.gdi-de.org/id/de.bund.bkg.regschluessel/073355009019,Q652106,,,,,,,,,,2023-05-23
Krefeld,Stadt Krefeld,www.offenesdatenportal.de|krefeld,mcloud.de|StadtKrefeld,,,municipality,https://www.offenesdatenportal.de/organization/krefeld,2016-01-13,,,051140000000,https://registry.gdi-de.org/id/de.bund.bkg.regschluessel/051140000000,Q2805,Florian Reykers,florian.reykers@krefeld.de,,,KRZN,CKAN,https://www.offenesdatenportal.de/api/3/action/organization_activity_list?id=krefeld,,,2023-05-23
Kreisarchiv Stormarn,Kreisarchiv Stormarn,opendata.schleswig-holstein.de|kreisarchiv-stormarn,,,,districtAgency,,,,,,,Q28735056,,,,,,,,,,2023-05-09
Kreuzau,Kreuzau,offenedaten.kdvz-frechen.de|kreuzau,,,,municipality,http://offenedaten.kdvz-frechen.de/group/kreuzau,2016-11-08,,,053580028028,https://registry.gdi-de.org/id/de.bund.bkg.regschluessel/053580028028,Q199988,,offene-daten@kdvz-frechen.de,https://twitter.com/OpenDataKDVZ,,Stadt Köln,DKAN,,,,2023-05-23
Köln,Köln,open.nrw|koeln,,,,municipality,http://offenedaten-koeln.de/,2012,,,053150000000,https://registry.gdi-de.org/id/de.bund.bkg.regschluessel/053150000000,Q365,Sabine Möwes,I/D2-Poststelle@stadt-koeln.de,https://twitter.com/OpenDataKoeln,,Stadt Köln,DKAN,https://offenedaten-koeln.de/api/3/action/package_list,,https://offenedaten-koeln.de/catalog.xml,2023-05-14
Königsfeld,Ortsgemeinde Königsfeld,daten.rlp.de|ortsgemeinde_koenigsfeld,,,,municipality,https://daten.rlp.de/organization/ortsgemeinde_koenigsfeld,,,,071315004041,https://registry.gdi-de.org/id/de.bund.bkg.regschluessel/071315004041,Q675574,,,,,,,,,,2023-05-23
Landesamt für Denkmalpflege Schleswig-Holstein,Landesamt für Denkmalpflege,opendata.schleswig-holstein.de|landesamt-fur-denkmalpflege,,,,stateAgency,https://opendata.schleswig-holstein.de/organization/landesamt-fur-denkmalpflege,,,,,,Q17124210,,,,,,,,,,2023-03-04
Landesamt für Landwirtschaft， Umwelt und ländliche Räume,Landesamt für Landwirtschaft， Umwelt und ländliche Räume (LLUR),opendata.schleswig-holstein.de|llur,,,,stateAgency,https://opendata.schleswig-holstein.de/organization/llur,,,,,,Q1802059,,,,,,,,,,2023-03-04
Landesamt für soziale Dienste,Landesamt für soziale Dienste,opendata.schleswig-holstein.de|landesamt-fur-soziale-dienste,,,,stateAgency,https://opendata.schleswig-holstein.de/organization/landesamt-fur-soziale-dienste,,,,,,Q1802073,,,,,,,,,,2023-03-04
Landesamt für Vermessung und Geobasisinformation Rheinland-Pfalz,Landesamt für Vermessung und Geobasisinformationen,daten.rlp.de|landesamt_fuer_vermessung_und_geobasisinformationen,,,,stateAgency,,,,,,,Q1802069,,,,,,,,,,2023-05-14
Landesamt für Vermessung und Geoinformation Schleswig-Holstein,Landesamt für Vermessung und Geoinformation Schleswig-Holstein,opendata.schleswig-holstein.de|lvermgeo,geoportal.de|LandesamtfrVermessungundGeoinformationSchleswigHolstein,,,stateAgency,,,,,,,Q23786349,,,,,,,,,,2023-05-16
Landesbetrieb Geoinformation und Vermessung,HMDKLGV,suche.transparenz.hamburg.de|hmdklgv,geoportal.de|LandesbetriebGeoinformationundVermessungLGVHamburg,,,stateAgency,https://metaver.de/freitextsuche?rstart=0&currentSelectorPage=1&f=type:opendata;provider:hh;,,,,,,Q93384739,,,,,,,,,,2023-04-11
Landesmeldestelle Schleswig-Holstein,Landesmeldestelle Schleswig-Holstein,opendata.schleswig-holstein.de|landesmeldestelle,,,,stateAgency,https://opendata.schleswig-holstein.de/organization/landesmeldestelle,,,,,,,,,,,,,,,,2023-03-04
Landesvermessung und Geobasisinformation Brandenburg,Landesvermessung und Geobasisinformation Brandenburg (LGB),geoportal.de|LandesvermessungundGeobasisinformationBrandenburgLGB,,,,stateAgency,,,,,,,Q1802711,,,,,,,,,,2023-05-16
Langerwehe,Langerwehe,offenedaten.kdvz-frechen.de|langerwehe,,,,municipality,http://offenedaten.kdvz-frechen.de/group/langerwehe,2016-11-08,,,053580032032,https://registry.gdi-de.org/id/de.bund.bkg.regschluessel/053580032032,Q200018,,offene-daten@kdvz-frechen.de,https://twitter.com/OpenDataKDVZ,,Stadt Köln,DKAN,,,,2023-05-23
Max Rubner-Institut,Max Rubner-Institut,http://dcat-ap.de/def/contributors/maxRubnerInstitut,,,,federalAgency,,,,,,,Q1319982,,,,,,,,,,
Mecklenburg-Vorpommern,Land Mecklenburg-Vorpommern,http://dcat-ap.de/def/contributors/mecklenburgVorpommern,,,,state,,,,,13,https://registry.gdi-de.org/id/de.bund.bkg.regschluessel/13,Q1196,,,,,,,,,,2023-02-15
Metropolregion Rhein-Neckar,Metropolregion Rhein-Neckar,http://dcat-ap.de/def/contributors/metropolregionRheinNeckar,,,,regionalNetwork,https://daten.digitale-mrn.de/,,,,,,Q559125,,info@vrrn.de,,,,CKAN,https://daten.digitale-mrn.de/api/3/action/package_list,https://daten.digitale-mrn.de/api/3/action/organization_list,,2023-02-15
Moers,Moers,www.offenesdatenportal.de|moers,opendata.ruhr|moers,,,municipality,http://offenedaten.moers.de/,2015-08,,,051700024024,https://registry.gdi-de.org/id/de.bund.bkg.regschluessel/051700024024,Q3132,Stephan Bernoth und Thorsten Magerstedt,offenedaten@moers.de,https://twitter.com/opendatamoers,,KRZN,CKAN,https://www.offenesdatenportal.de/api/3/action/organization_activity_list?id=moers,,,2023-02-05
München,Landeshauptstadt München,http://dcat-ap.de/def/contributors/landeshauptstadtMuenchen,,,,municipality,http://www.opengov-muenchen.de,2014-12-19,,,,https://registry.gdi-de.org/id/de.bund.bkg.regschluessel/091620000000,Q1726,,data.opengov@muenchen.de,https://twitter.com/opendata_muc,,,CKAN,https://www.opengov-muenchen.de/api/3/action/package_list,,,2019-07-31
Niederrhein,Niederrhein (Region),open.nrw|offenesdatenportal,,,,regionalNetwork,http://offenesdatenportal.de/,2015-04-16,,,,,,,info@krzn.de,,,,CKAN,https://www.offenesdatenportal.de/api/3/action/package_list,https://www.offenesdatenportal.de/api/3/action/organization_list,https://www.offenesdatenportal.de/catalog.rdf,2023-02-05
Niedersachsen,Niedersachsen,http://dcat-ap.de/def/contributors/landNiedersachsen,,,,state,,,,,03,https://registry.gdi-de.org/id/de.bund.bkg.regschluessel/03,Q1197,,,,,,,,,,2023-02-06
Norderstedt,Norderstedt,opendata.schleswig-holstein.de|norderstedt,,,,municipality,https://opendata.schleswig-holstein.de/organization/norderstedt,,,,010600063063,https://registry.gdi-de.org/id/de.bund.bkg.regschluessel/010600063063,,,,,,Dataport,CKAN,,,,2023-05-08
Nordfriesland,Kreis Nordfriesland,opendata.schleswig-holstein.de|nordfriesland,,,,district,https://opendata.schleswig-holstein.de/organization/nordfriesland,,,,01054,https://registry.gdi-de.org/id/de.bund.bkg.regschluessel/01054,Q2937,,,,,,,,,,2023-05-08
Nordrhein-Westfalen,Nordrhein-Westfalen,http://dcat-ap.de/def/contributors/openNRW,,,,state,https://open.nrw/,,,,05,https://registry.gdi-de.org/id/de.bund.bkg.regschluessel/05,Q1198,Dr. Björn Fleischer,kontakt@open.nrw.de,,,Landesbetrieb Information und Technik Nordrhein-Westfalen (IT.NRW),Drupal,https://ckan.www.open.nrw.de/api/3/action/package_list,https://open.nrw/api/3/action/organization_list,https://ckan.www.open.nrw.de/catalog.xml,2023-02-05
Nürnberg,Stadt Nürnberg,http://dcat-ap.de/def/contributors/stadtNuernberg,,,,municipality,,,,,,https://registry.gdi-de.org/id/de.bund.bkg.regschluessel/095640000000,Q2090,,,,,,,,,,
Oldenburg,Stadt Oldenburg (Oldb),http://dcat-ap.de/def/contributors/stadtOldenburg,,,,municipality,,,,,,https://registry.gdi-de.org/id/de.bund.bkg.regschluessel/034030000000,Q2936,,,,,,,,,,
Open Data Bund,Open Data Bund,http://dcat-ap.de/def/contributors/openDataBund,,,,portal,,,,,,,,,,,,,,,,,2023-05-21
OpenAgrar,OpenAgrar Repositorium der Forschungseinrichtungen des BMEL,http://dcat-ap.de/def/contributors/openAgrarRepositoriumDerForschungseinrichtungenDesBMEL,,,,federalAgency,,,,,,,,,,,,,,,,,
Ostholstein,Kreis Ostholstein,opendata.schleswig-holstein.de|kreis-ostholstein,,,,district,,,,,01055,https://registry.gdi-de.org/id/de.bund.bkg.regschluessel/01055,Q2975,,,,,,,,,,2023-05-09
Pinneberg,Kreis Pinneberg,opendata.schleswig-holstein.de|kreis-pinneberg,,,,district,https://opendata.schleswig-holstein.de/organization/kreis-pinneberg,,,,01056,https://registry.gdi-de.org/id/de.bund.bkg.regschluessel/01056,Q3006,,,,,,,,,,2023-05-08
Potsdam,Landeshauptstadt Potsdam (LHP),datenadler.de|LandeshauptstadtPotsdamLHP,,,,municipality,https://opendata.potsdam.de/,2018-01-11,,,120540000000,https://registry.gdi-de.org/id/de.bund.bkg.regschluessel/120540000000,Q1711,Stefanie Buchta,opendata@rathaus.potsdam.de,,,OpenDataSoft,OpenDataSoft,https://opendata.potsdam.de/api/v2/catalog/datasets,,,2023-05-09
Regionalstatistik,Regionalstatistik,http://dcat-ap.de/def/contributors/regionalstatistik,,,,federalAgency,,,,,,,,,,,,,,,,,
Regionalverband Großraum Braunschweig,Regionalverband Großraum Braunschweig,geoportal.de|RegionalverbandGroraumBraunschweig,,,,regionalNetwork,,,,,,,Q231845,,,,,,,,,,2023-05-21
Regionalverband Ruhr,Regionalverband Ruhr,open.nrw|rvr,,,,regionalNetwork,https://opendata.ruhr/,,,,,,Q49849,,,,,,,,https://opendata.ruhr/api/3/action/organization_list,,2023-02-05
Rendsburg-Eckernförde,Kreis Rendsburg-Eckernförde,opendata.schleswig-holstein.de|rendsburg-eckernforde,,,,district,,,,,01058,https://registry.gdi-de.org/id/de.bund.bkg.regschluessel/01058,Q2967,,,,,,,,,,2023-05-08
Rhein-Erft-Rur,Rhein-Erft-Rur,open.nrw|rhein-erft-rur,,,,regionalNetwork,https://offenedaten.kdvz-frechen.de/,,,,,,Q6292,,,,,,,,https://offenedaten.kdvz-frechen.de/api/3/action/group_list,,2023-02-05
Rheinland-Pfalz,Rheinland-Pfalz,http://dcat-ap.de/def/contributors/openGovernmentDataPortalRheinlandPfalz,,,,state,http://daten.rlp.de/,,,,07,https://registry.gdi-de.org/id/de.bund.bkg.regschluessel/07,Q1200,Aylin Akça,referat391@mdi.rlp.de,,,Landesbetrieb Daten und Information,CKAN,https://daten.rlp.de/api/3/action/package_list,https://daten.rlp.de/api/3/action/organization_list,https://daten.rlp.de/catalog.xml,2023-02-06
Robert Koch-Institut,Robert Koch-Institut,http://dcat-ap.de/def/contributors/robertKochInstitut,,,,federalAgency,,,,,,,Q679041,,,,,,,,,,
Roetgen,Roetgen,offenedaten.aachen.de|gemeinde-roetgen,,,,municipality,https://offenedaten.aachen.de/organization/gemeinde-roetgen,,,,053340024024,https://registry.gdi-de.org/id/de.bund.bkg.regschluessel/053340024024,Q200743,,,,,,,,,,2023-02-05
Rostock,OpenData.HRO,http://dcat-ap.de/def/contributors/openDataHRO,,,,municipality,http://www.opendata-hro.de/,,,,,https://registry.gdi-de.org/id/de.bund.bkg.regschluessel/130030000000,Q2861,,opendata.hro@rostock.de,,,,CKAN,https://www.opendata-hro.de/api/3/action/package_list,,https://www.opendata-hro.de/catalog.xml,2019-08-04
Sachsen,Sachsen,http://dcat-ap.de/def/contributors/freistaatSachsen,,,,state,http://www.opendata.sachsen.de/,,,,14,https://registry.gdi-de.org/id/de.bund.bkg.regschluessel/14,Q1202,,opendata@sid.sachsen.de,https://twitter.com/OpenDataSachsen,,,Website,,https://www.opendata.sachsen.de,,2023-02-06
Sachsen-Anhalt,Land Sachsen-Anhalt,http://dcat-ap.de/def/contributors/landSachsenAnhalt,,,,state,,,,,15,https://registry.gdi-de.org/id/de.bund.bkg.regschluessel/15,Q1206,,,,,,,,,,2023-05-21
Schleswig-Flensburg,Kreis Schleswig-Flensburg,opendata.schleswig-holstein.de|kreis-schleswig-flensburg,,,,district,,,,,01059,https://registry.gdi-de.org/id/de.bund.bkg.regschluessel/01059,Q2941,,,,,,,,,,2023-05-09
Schleswig-Holstein,Schleswig-Holstein,http://dcat-ap.de/def/contributors/schleswigHolstein,,,,state,https://opendata.schleswig-holstein.de/,,,,01,https://registry.gdi-de.org/id/de.bund.bkg.regschluessel/01,Q1194,,opendata@lr.landsh.de,,,Dataport,CKAN,https://opendata.schleswig-holstein.de/api/3/action/package_list,https://opendata.schleswig-holstein.de/api/3/action/organization_list,https://opendata.schleswig-holstein.de/catalog.xml,2023-02-05
Simmerath,Simmerath,offenedaten.aachen.de|gemeinde-simmerath,,,,municipality,https://offenedaten.aachen.de/organization/gemeinde-simmerath,,,,053340028028,https://registry.gdi-de.org/id/de.bund.bkg.regschluessel/053340028028,Q200836,,,,,,,,,,2023-02-05
Stadt Bielefeld - Amt für Geoinformation und Kataster,Stadt Bielefeld - Amt für Geoinformation und Kataster,geoportal.de|StadtBielefeldAmtfrGeoinformationundKataster,,,,municipalityAgency,,,,,,,,,,,,,,,,,2023-05-21
"Stadt Chemnitz, Amt 10, Hauptamt","Stadt Chemnitz, Amt 10, Hauptamt",www.opendata.sachsen.de|StadtChemnitzAmt10Hauptamt,,,,municipalityAgency,,,,,,,,,,,,,,,,,2023-05-21
"Stadt Chemnitz, Amt 18, Amt für Informationsverarbeitung","Stadt Chemnitz, Amt 18, Amt für Informationsverarbeitung",www.opendata.sachsen.de|StadtChemnitzAmt18AmtfrInformationsverarbeitung,,,,municipalityAgency,,,,,,,,,,,,,,,,,2023-05-21
"Stadt Chemnitz, Amt 36, Umweltamt","Stadt Chemnitz, Amt 36, Umweltamt",www.opendata.sachsen.de|StadtChemnitzAmt36Umweltamt,,,,municipalityAgency,,,,,,,,,,,,,,,,,2023-05-21
"Stadt Chemnitz, Amt 40, Schulamt","Stadt Chemnitz, Amt 40, Schulamt",www.opendata.sachsen.de|StadtChemnitzAmt40Schulamt,,,,municipalityAgency,,,,,,,,,,,,,,,,,2023-05-21
"Stadt Chemnitz, Amt 48, Tierpark","Stadt Chemnitz, Amt 48, Tierpark",www.opendata.sachsen.de|StadtChemnitzAmt48Tierpark,,,,municipalityAgency,,,,,,,Q1577839,,,,,,,,,,2023-05-21
"Stadt Chemnitz, Amt 51, Jugendamt","Stadt Chemnitz, Amt 51, Jugendamt",www.opendata.sachsen.de|StadtChemnitzAmt51Jugendamt,,,,municipalityAgency,,,,,,,,,,,,,,,,,2023-05-21
"Stadt Chemnitz, Amt 61, Stadtplanungsamt","Stadt Chemnitz, Amt 61, Stadtplanungsamt",www.opendata.sachsen.de|StadtChemnitzAmt61Stadtplanungsamt,,,,municipalityAgency,,,,,,,,,,,,,,,,,2023-05-21
"Stadt Chemnitz, Amt 62, Städtisches Vermessungsamt","Stadt Chemnitz, Amt 62, Städtisches Vermessungsamt",www.opendata.sachsen.de|StadtChemnitzAmt62StdtischesVermessungsamt,,,,municipalityAgency,,,,,,,,,,,,,,,,,2023-05-21
"Stadt Chemnitz, Amt 66, Tiefbauamt","Stadt Chemnitz, Amt 66, Tiefbauamt",www.opendata.sachsen.de|StadtChemnitzAmt66Tiefbauamt,,,,municipalityAgency,,,,,,,,,,,,,,,,,2023-05-21
"Stadt Chemnitz, Amt 67, Grünflächenamt","Stadt Chemnitz, Amt 67, Grünflächenamt",www.opendata.sachsen.de|StadtChemnitzAmt67Grnflchenamt,,,,municipalityAgency,,,,,,,,,,,,,,,,,2023-05-21
Stadtverwaltung Chemnitz,Stadtverwaltung Chemnitz,geoportal.de|StadtverwaltungChemnitz,,,,municipalityAgency,,,,,,,,,,,,,,,,,2023-05-21
Stadtverwaltung Goch,Stadtverwaltung Goch,geoportal.de|StadtverwaltungGoch,,,,municipalityAgency,,,,,,,,,,,,,,,,,2023-05-23
Stadtwerke Osnabrück,SWO Netz GmbH,http://dcat-ap.de/def/contributors/SWONetzGmbH,,,,other,,,,,,,Q1114682,,,,,,,,,,
Statistisches Amt für Hamburg und Schleswig-Holstein,Statistikamt Nord,opendata.schleswig-holstein.de|statistikamt-nord,,,,stateAgency,https://www.statistik-nord.de/,,,,,,Q15130249,,,,,,,,,,2023-02-05
Statistisches Bundesamt,Statistisches Bundesamt,http://dcat-ap.de/def/contributors/destatis,,,,federalAgency,https://www.destatis.de/DE/Service/OpenData/_inhalt.html,,,,,,Q764739,,,,,,Website,,,,2023-04-21
Statistisches Landesamt,Landesdatenbank NRW,open.nrw|landesdatenbank_nrw,,,,stateAgency,,,,,,,,,,,,,,,,,2023-05-14
Statistisches Landesamt Rheinland-Pfalz,Statistisches Landesamt Rheinland-Pfalz,daten.rlp.de|stala___rlp,,,,stateAgency,,,,,,,Q2333954,,,,,,,,,,2023-05-14
Stormarn,Kreis Stormarn,opendata.schleswig-holstein.de|kreis-stormarn,,,,district,,,,,01062,https://registry.gdi-de.org/id/de.bund.bkg.regschluessel/01062,Q3003,,,,,,,,,,2023-05-09
Städteregion Aachen,Städteregion Aachen,offenedaten.aachen.de|stadteregion-aachen,,,,regionalNetwork,https://www.staedteregion-aachen.de,,,,,,Q6272,,,,,,,,,,2023-02-05
Trier,Stadt Trier,daten.rlp.de|stadt_trier,,,,municipality,https://daten.rlp.de/organization/stadt_trier,,,,072110000000,https://registry.gdi-de.org/id/de.bund.bkg.regschluessel/072110000000,Q3138,,,,,,,,,,2023-05-14
Vordereifel,Verbandsgemeinde Vordereifel,daten.rlp.de|verbandsgemeinde_vordereifel,,,,collectiveMunicipality,https://daten.rlp.de/organization/verbandsgemeinde_vordereifel,,,,071375003,https://registry.gdi-de.org/id/de.bund.bkg.regschluessel/071375003,Q481543,,,,,,,,,,2023-05-14
Wedel,Stadt Wedel,opendata.schleswig-holstein.de|wedel,,,,municipality,,,,,010560050050,https://registry.gdi-de.org/id/de.bund.bkg.regschluessel/010560050050,Q4356,,,,,,,,,,2023-05-09
Weißenthurm,Verbandsgemeinde Weißenthurm,daten.rlp.de|verbandsgemeinde_weissenthurm,,,,collectiveMunicipality,,,,,071375008,https://registry.gdi-de.org/id/de.bund.bkg.regschluessel/071375008,Q519426,,,,,,,,,,2023-05-14
,Altenburg,,,,,municipality,https://www.altenburg.eu/sixcms/detail.php?id=139875,,DEG0M,16077001,160770001001,,,,,,,,Website,,,,2019-08-10
,Elsdorf (Rheinland),,,,,municipality,http://offenedaten.kdvz-frechen.de/group/elsdorf,2016-11-08,,,,,,,offene-daten@kdvz-frechen.de,https://twitter.com/OpenDataKDVZ,,Stadt Köln,DKAN,,,,2019-08-10
,Emsdetten,,,,,municipality,https://www.emsdetten.de/bauen-wohnen-umwelt-verkehr/planen/bauleitplanung-online/open-data-im-bereich-bauleitplanung-in-emsdetten/,,DEA37,05566008,055660008008,,,,,,,,,,,,2021-03-03
,Euskirchen,,,,,municipality,https://www.o-sp.de/euskirchen/opendata.php,,DEA28,05366016,053660016016,,,,,,,,,,,,2021-03-03
,Gronau,,,,,municipality,via Musterdatenkatalog Deutschland,,,,,,,,,,,,,,,,
,Heilbronn,,,,,municipality,https://opendata.heilbronn.de,2020-12-20,DE117,08121000,081210000000,,,Thomas Laue,opendata@heilbronn.de,,,Stadt Köln,DKAN,https://opendata.heilbronn.de/api/3/action/package_list,,https://opendata.heilbronn.de/catalog.xml,2021-05-13
,Hennef,,,,,municipality,via Musterdatenkatalog Deutschland,,DEA2C,05382020,053820020020,,,,,,,,,,,,
,Ingolstadt,,,,,municipality,https://www.ingolstadt.de/Service/Weitere-Themen/Open-Data/,,DE211,09161000,091610000000,,,,,,,,,,,,2021-03-04
,Jena,,,,,municipality,https://opendata.jena.de/,2016-12-20,DEG03,16053000,160530000000,,,,info@jena.de,,,IT-Service - Kommunale Immobilien Jena,CKAN,https://opendata.jena.de/api/3/action/package_list,,,2019-08-10
,Kaarst,,,,,municipality,https://www.o-sp.de/kaarst/opendata,,DEA1D,05162016,051620016016,,,,,,,,,,,,2021-03-03
,Kamen,,,,,municipality,https://www.o-sp.de/kamen/opendata,,DEA5C,05978020,059780020020,,,,,,,,,,,,2021-03-03
,Karlsruhe,,,,,municipality,https://transparenz.karlsruhe.de/,2016-07-14,DE122,08212000,082120000000,,,Sven Klenert,transparenz@karlsruhe.de,,,Stadt Karlsruhe,CKAN,https://transparenz.karlsruhe.de/api/3/action/package_list,,,2019-11-12
,Konstanz,,,,,municipality,https://offenedaten-konstanz.de/,2019-04-09,DE138,08335043,083355004043,,,Eberhard Baier,offenedaten@konstanz.de,,,Stadt Köln,DKAN,https://offenedaten-konstanz.de/api/3/action/package_list,,https://offenedaten-konstanz.de/catalog.xml,2020-06-29
,Landau,,,,,municipality,https://daten.rlp.de/organization/stadt_landau,,,,,,,,,,,,,,,,2021-03-03
,Leipzig,,,,,municipality,https://opendata.leipzig.de,,DED51,14713000,147130000000,,,,,,,Lecos GmbH,CKAN,https://opendata.leipzig.de/api/3/action/package_list,,,2019-08-10
,Lemgo,,,,,municipality,https://www.o-sp.de/lemgo/opendata,,DEA45,05766044,057660044044,,,,,,,,,,,,2021-03-03
,Lengerich,,,,,municipality,https://www.o-sp.de/lengerich/opendata,,DEA37,05566040,055660040040,,,,,,,,,,,,2021-03-03
,Linnich,,,,,municipality,http://offenedaten.kdvz-frechen.de/group/linnich,2016-11-08,DEA26,05358036,053580036036,,,,offene-daten@kdvz-frechen.de,https://twitter.com/OpenDataKDVZ,,Stadt Köln,DKAN,,,,2019-08-10
,Lippstadt,,,,,municipality,https://www.o-sp.de/lippstadt/opendata.php,,DEA5B,05974028,059740028028,,,,,,,,,,,,2021-03-03
,Lüdenscheid,,,,,municipality,https://www.o-sp.de/luedenscheid/opendata,,DEA58,05962032,059620032032,,,,,,,,,,,,2021-03-03
,Mackenbach,,,,,municipality,https://daten.rlp.de/organization/about/ortsgemeinde_mackenbach,,DEB3F,07335024,073355009024,,,,,,,,,,,,2021-03-03
,Magdeburg,,,,,municipality,https://www.magdeburg.de/Start/B%C3%BCrger-Stadt/Verwaltung-Service/Offene-Verwaltungsdaten,,DEE03,15003000,150030000000,,,,,,,,Website,,,,2019-08-11
,Mainz,,,,,municipality,https://daten.rlp.de/organization/stadt_mainz,,DEB35,07315000,073150000000,,,,,,,,,,,,2021-03-03
,Mannheim,,,,,municipality,https://opendata.mannheim.de/,2015-11-24,DE126,08222000,082220000000,,,,opendata@mannheim.de,,,OpenDataSoft,OpenDataSoft,https://mannheim.opendatasoft.com/api/v2/catalog/datasets,,,2019-07-29
,Mayen,,,,,municipality,https://daten.rlp.de/organization/stadt_mayen,,DEB17,07137068,071370068068,,,,,,,,,,,,2021-03-03
,Meerbusch,,,,,municipality,https://opendata.meerbusch.de/,2017-02-11,DEA1D,05162022,051620022022,,,,opendata@meerbusch.de,https://twitter.com/OpenMeerbusch,,Viderum,CKAN,https://opendata.meerbusch.de/api/3/action/package_list,,,2019-03-24
,Meiningen,,,,,municipality,via Musterdatenkatalog Deutschland,,DEG0B,16066042,160665050042,,,,,,,,,,,,
,Meisenheim,,,,,collectiveMunicipality,https://daten.rlp.de/organization/verbandsgemeinde_meisenheim,,DEB14,07133065,071335005065,,,,,,,,,,,,2021-03-03
,Menden,,,,,municipality,via Musterdatenkatalog Deutschland,,,,,,,,,,,,,,,,
,Merzenich,,,,,municipality,http://offenedaten.kdvz-frechen.de/group/merzenich,2016-11-08,DEA26,05358040,053580040040,,,,offene-daten@kdvz-frechen.de,https://twitter.com/OpenDataKDVZ,,Stadt Köln,DKAN,,,,2019-08-10
,Minden,,,,,municipality,"https://www.minden.de/stadt_minden/de/B%C3%BCrger,%20Service,%20Politik/Offene%20Daten/Datens%C3%A4tze/",,DEB23,07232082,072325005082,,,,,,,,,,,,2021-03-04
,Mittenwalde,,,,,municipality,http://stadt-mittenwalde.opendata.arcgis.com/,,DE40I,12073404,120735305404,,,,,,,,ArcGIS,,,,2019-08-11
,Mönchengladbach,,,,,municipality,http://offenedaten.moenchengladbach.de/,2015-05-11,DEA15,05116000,051160000000,,,,offenedaten@moenchengladbach.de,https://twitter.com/OpenDataMG,,Stadt Mönchengladbach,TYPO3,,,,2019-03-24
,Münster (Westfalen),,,,,municipality,https://opendata.stadt-muenster.de/,2019-09,DEA33,05515000,055150000000,,,Thomas Werner,opendata@citeq.de,,,citeq,Drupal,https://opendata.stadt-muenster.de/api/3/action/package_list,,https://opendata.stadt-muenster.de/catalog.xml,2020-06-29
,Neubrandenburg,,,,,municipality,http://www.neubrandenburg.de/opendata/,,DE80J,13071107,130710107107,,,,,,,,,,,,
,Neuss,,,,,municipality,https://ckan.www.open.nrw.de/organization/neuss,,DEA1D,05162024,051620024024,,,,,,,,,,,,2021-03-03
,Niederzier,,,,,municipality,http://offenedaten.kdvz-frechen.de/group/niederzier,,DEA26,05358048,053580048048,,,,offene-daten@kdvz-frechen.de,https://twitter.com/OpenDataKDVZ,,Stadt Köln,DKAN,,,,2019-08-10
,Nörvenich,,,,,municipality,http://offenedaten.kdvz-frechen.de/group/n%C3%B6rvenich,,DEA26,05358052,053580052052,,,,offene-daten@kdvz-frechen.de,https://twitter.com/OpenDataKDVZ,,Stadt Köln,DKAN,,,,2019-08-10
,Obere Kyll,,,,,collectiveMunicipality,https://daten.rlp.de/organization/verbandsgemeinde_obere_kyll,,,,,,,,,,,,,,,,2021-03-03
,Oberhausen,,,,,municipality,https://opendata.ruhr/organization/oberhausen,,DE21N,09190135,091905177135,,,,,,,,,,,,2021-03-04
,Oelde,,,,,municipality,https://www.o-sp.de/oelde/opendata.php,,DEA38,05570028,055700028028,,,,,,,,,,,,2021-03-03
,Otterbach-Otterberg,,,,,collectiveMunicipality,https://daten.rlp.de/organization/verbandsgemeinde_otterbach_otterberg,,,,,,,,,,,,,,,,2021-03-03
,Puderbach,,,,,collectiveMunicipality,https://daten.rlp.de/organization/verbandsgemeinde_puderbach,,DEB18,07138057,071385005057,,,,,,,,,,,,2021-03-03
,Recklinghausen,,,,,municipality,https://opendata.ruhr/organization/recklinghausen,,DEA36,05562032,055620032032,,,,,,,,,,,,2021-03-04
,Reichenbach-Steegen,,,,,municipality,https://daten.rlp.de/organization/ortsgemeinde_reichenbach_steegen,,DEB3F,07335501,073355009501,,,,,,,,,,,,2021-03-03
,Remagen,,,,,municipality,https://daten.rlp.de/organization/stadt_remagen,,DEB12,07131070,071310070070,,,,,,,,,,,,2021-03-03
,Remscheid,,,,,municipality,via Musterdatenkatalog Deutschland,,DEA18,05120000,051200000000,,,,,,,,,,,,
,Rheda-Wiedenbrück,,,,,municipality,via Musterdatenkatalog Deutschland,,DEA42,05754028,057540028028,,,,,,,,,,,,
,Rheinböllen,,,,,collectiveMunicipality,https://daten.rlp.de/organization/verbandsgemeinde_rheinboellen,,DEB1D,07140125,071405005125,,,,,,,,,,,,2021-03-03
,Sankt Goar-Oberwesel,,,,,collectiveMunicipality,https://daten.rlp.de/organization/verbandsgemeinde_sankt_goar___oberwesel,,,,,,,,,,,,,,,,2021-03-03
,Schwalmtal,,,,,municipality,https://www.offenesdatenportal.de/organization/gemeinde-schwalmtal,,DE725,06535017,065350017017,,,,,,,,,,,,2021-03-03
,Schwedelbach,,,,,municipality,https://daten.rlp.de/organization/ortsgemeinde_schwedelbach,,DEB3F,07335043,073355009043,,,,,,,,,,,,2021-03-03
,Selters,,,,,collectiveMunicipality,https://daten.rlp.de/organization/verbandsgemeinde_selters,,,,,,,,,,,,,,,,2021-03-03
,Siegburg,,,,,municipality,http://offenedaten.kdvz-frechen.de/group/siegburg,,DEA2C,05382060,053820060060,,,,offene-daten@kdvz-frechen.de,https://twitter.com/OpenDataKDVZ,,Stadt Köln,DKAN,,,,2019-08-10
,Siegen,,,,,municipality,via Musterdatenkatalog Deutschland,,DEA5A,05970040,059700040040,,,,,,,,,,,,
,Simmern,,,,,collectiveMunicipality,https://daten.rlp.de/organization/verbandsgemeinde_simmern,,DEB1B,07143071,071435004071,,,,,,,,,,,,2021-03-03
,Stadt Mülheim an der Ruhr,,,,,municipality,http://open.muelheim-ruhr.de,2014-12-19,DEA16,05117000,051170000000,,,,,https://twitter.com/Muelheim_Ruhr,https://www.facebook.com/MuelheimRuhr,Stadt Mülheim an der Ruhr,DKAN,https://geo.muelheim-ruhr.de/api/3/action/package_list,,,2019-11-07
,Stolberg,,,,,municipality,via Musterdatenkatalog Deutschland,,,,,,,,,,,,,,,,
,Stuttgart,,,,,municipality,via Musterdatenkatalog Deutschland,,DE111,08111000,081110000000,,,,,,,,,,,,
,Südlohn,,,,,municipality,via Musterdatenkatalog Deutschland,,DEA34,05554060,055540060060,,,,,,,,,,,,
,Sulingen,,,,,municipality,via Musterdatenkatalog Deutschland,,DE922,03251040,032510040040,,,,,,,,,,,,
,Thalfang am Erbeskopf,,,,,collectiveMunicipality,https://daten.rlp.de/organization/verbandsgemeinde_thalfang_am_erbeskopf,,,,,,,,,,,,,,,,2021-03-03
,Titz,,,,,municipality,http://offenedaten.kdvz-frechen.de/group/titz,2016-11-08,DEA26,05358056,053580056056,,,,offene-daten@kdvz-frechen.de,https://twitter.com/OpenDataKDVZ,,Stadt Köln,DKAN,,,,2019-08-10
,Traben-Trabach,,,,,collectiveMunicipality,https://daten.rlp.de/organization/verbandsgemeinde_traben_trabach,,,,,,,,,,,,,,,,2021-03-03
,Troisdorf,,,,,municipality,via Musterdatenkatalog Deutschland,,DEA2C,05382068,053820068068,,,,,,,,,,,,
,Uder,,,,,municipality,via Musterdatenkatalog Deutschland,,DEG06,16061097,160615012097,,,,,,,,,,,,
,Ulm,,,,,municipality,http://daten.ulm.de/,,DE144,08421000,084210000000,,,,,,,Wilken Rechenzentrum GmbH,Website,,,,2019-07-30
,Verbandsgemeinde Sankt Goar-Oberwesel,,,,,collectiveMunicipality,https://daten.rlp.de/organization/verbandsgemeinde_sankt_goar___oberwesel,,,,,,,,,,,,,,,,2021-03-03
,Vettweiß,,,,,municipality,http://offenedaten.kdvz-frechen.de/group/vettwei%C3%9F,2016-11-08,DEA26,05358060,053580060060,,,,offene-daten@kdvz-frechen.de,https://twitter.com/OpenDataKDVZ,,Stadt Köln,DKAN,,,,2019-08-10
,Viersen,,,,,municipality,https://www.offenesdatenportal.de/organization/stadt-viersen,,DEA1E,05166032,051660032032,,,,,,,,,,,,2021-03-03
,Vreden,,,,,municipality,via Musterdatenkatalog Deutschland,,DEA34,05554068,055540068068,,,,,,,,,,,,
,Wachtendonk,,,,,municipality,https://www.offenesdatenportal.de/organization/gemeinde-wachtendonk,,DEA1B,05154060,051540060060,,,,,,,KRZN,CKAN,https://www.offenesdatenportal.de/api/3/action/organization_activity_list?id=gemeinde-wachtendonk,,,2019-03-12
,Waltrop,,,,,municipality,https://www.o-sp.de/waltrop/opendata,,DEA36,05562036,055620036036,,,,,,,,,,,,2021-03-03
,Weilerbach,,,,,municipality,https://daten.rlp.de/organization/ortsgemeinde_weilerbach,,DEB3F,07335049,073355009049,,,,,,,,,,,,2021-03-03
,Wennigsen (Deister),,,,,municipality,http://data.wennigsen.net/,,DE929,03241020,032410020020,,,Jens Spiwek,jens@spiwi.de,,,,Website,,,,2019-08-04
,Werne,,,,,municipality,https://www.o-sp.de/werne/opendata,,DEA5C,05978040,059780040040,,,,,,,,,,,,2021-03-03
,Wesel,,,,,municipality,http://opendata.wesel.de/,,DEA1F,05170048,051700048048,,,Herr Scholten und Herr Bohm,informationstechnik@wesel.de,,,KRZN,CKAN,https://www.offenesdatenportal.de/api/3/action/organization_activity_list?id=stadt-wesel,,,2019-03-12
,Wesseling,,,,,municipality,http://offenedaten.kdvz-frechen.de/group/wesseling,2016-11-08,DEA27,05362040,053620040040,,,,offene-daten@kdvz-frechen.de,https://twitter.com/OpenDataKDVZ,,Stadt Köln,DKAN,,,,2019-08-10
,Wittlich,,,,,municipality,https://daten.rlp.de/organization/stadt_wittlich,,DEB22,07231134,072310134134,,,,,,,,,,,,2021-03-03
,Wörth,,,,,municipality,https://daten.rlp.de/organization/stadt_woerth,,DE21A,09177144,091775121144,,,,,,,,,,,,2021-03-03
,Wuppertal,,,,,municipality,http://www.offenedaten-wuppertal.de/,2016-09-05,DEA1A,05124000,051240000000,,,Dietmar Szlagowski,offenedaten@stadt.wuppertal.de,https://twitter.com/OpenData_Wtal,,Stadt Köln,DKAN,https://www.offenedaten-wuppertal.de/api/3/action/package_list,,https://www.offenedaten-wuppertal.de/catalog.xml,2019-11-11
,Hochsauerlandkreis,,,,,district,http://www.hochsauerlandkreis.de/buergerservice/bauen_wohnen_kataster/geo_service/OpenData/,,,,,,,,,,,,Website,,,,2019-08-11
,Kreis Bautzen,,,,,district,via Musterdatenkatalog Deutschland,,,,,,,,,,,,,,,,
,Kreis Euskirchen,,,,,district,http://offenedaten.kdvz-frechen.de/group/kreis-euskirchen,2016-11-08,DEA28,,,,,,offene-daten@kdvz-frechen.de,https://twitter.com/OpenDataKDVZ,,Stadt Köln,DKAN,,,,2019-08-10
,Kreis Greiz,,,,,district,via Musterdatenkatalog Deutschland,,,,,,,,,,,,,,,,
,Kreis Gütersloh,,,,,district,via Musterdatenkatalog Deutschland,,,,,,,,,,,,,,,,
,Kreis Minden-Lübbecke,,,,,district,via Musterdatenkatalog Deutschland,,,,,,,,,,,,,,,,
,Kreis Ostholstein,,,,,district,https://opendata.schleswig-holstein.de/organization/kreis-ostholstein,,,,,,,,,,,,,,,,2021-03-04
,Kreis Recklinghausen,,,,,district,https://geoserver4.kreis-re.de/geonetwork/,,,,,,,,,,,,GeoNetwork,,,,
,Kreis Soest,,,,,district,https://www.kreis-soest.de/gis/start/opendata/opendata.php,,,,,,,,,,,,Website,,,,2019-08-11
,Kreis Steinfurt,,,,,district,https://gis-kreis-steinfurt.opendata.arcgis.com/,2019-06-01,,,,,,Stefan Albers,gdm@kreis-steinfurt.de,,,,ArcGIS,,,,2021-03-04
,Kreis Unna,,,,,district,https://opendata.ruhr/organization/kreis-unna,,,,,,,,,,,,,,,,2021-03-04
,Kreis Viersen,,,,,district,https://www.offenesdatenportal.de/organization/kreis-viersen,2017-01-01,DEA1E,05166,,,,Michael Stein,michael.stein@kreis-viersen.de,https://twitter.com/kreisviersen,https://www.facebook.com/KreisViersen/,KRZN,CKAN,https://www.offenesdatenportal.de/api/3/action/organization_activity_list?id=kreis-viersen,,,2019-10-26
,Kreis Wesel,,,,,district,https://www.offenesdatenportal.de/organization/kreis-wesel,,,,,,,Patrick Erhart,patrick.erhart@kreis-wesel.de,,,,,,,,2021-03-03
,Landkreis Cham,,,,,district,https://data-lra-cha.opendata.arcgis.com/,,,,,,,,gis@lra.landkreis-cham.de,,,,ArcGIS,,,,2021-03-04
,Landkreis Diepholz,,,,,district,https://daten.diepholz.de/,,,,,,,,,,,,DKAN,,,,2019-07-29
,Landkreis Lüneburg,,,,,district,https://open.lklg.net/,2016-08-18,DE935,,,,,Hendrik Lampe,opendata@lklg.de,,,,CKAN,https://open.lklg.net/api/3/action/package_list,,,2019-08-04
,Märkischer Kreis,,,,,district,via Musterdatenkatalog Deutschland,,,,,,,,,,,,,,,,
,Ortenaukreis,,,,,district,http://www.ortenaukreis.de/Online-Dienste/Open-Data,,DE134,,,,,,,,,,Website,,,,2019-07-30
,Rhein-Kreis Neuss,,,,,district,http://opendata.rhein-kreis-neuss.de/,2019-02-12,,,,,,Tobias Schellhorn und Jürgen Brings,digitalisierung@rhein-kreis-neuss.de,,,OpenDataSoft,OpenDataSoft,https://opendata.rhein-kreis-neuss.de/api/v2/catalog/datasets,,,2019-07-29
,Baustelleninformationssystem des Bundes und der Länder,,,,,other,https://www.bast.de/BASt_2017/DE/Fahrzeugtechnik/Fachthemen/Baustelleninformation/baustelleninformation.html,,,,,,,Dr. Lutz Rittershaus,mdm@bast.de,,,Materna Information & Communications SE,Website,,,,2019-07-29
,Bundesamt für Kartographie und Geodäsie,,,,,other,http://www.geodatenzentrum.de/geodaten/gdz_rahmen.gdz_div?gdz_spr=deu&gdz_akt_zeile=5&gdz_anz_zeile=0&gdz_user_id=0,,,,,,,,,,,Bundesamt für Kartographie und Geodäsie,Website,,,,2019-03-09
,Bundesamt für Seeschifffahrt und Hydrographie,,,,,other,https://www.mcloud.de/web/guest/suche/-/results/searchAgg?_mcloudsearchportlet_aggsChoice=extras.displayContact.name.raw%3A%22Bundesamt+f%C3%BCr+Seeschifffahrt+und+Hydrographie+(BSH)%22,2019-07-13,,,,,,,,,,,,,,,2019-07-29
,Deutsche Bahn,,,,,other,http://data.deutschebahn.com/,,,,,,,,DBOpenData@deutschebahn.com,https://twitter.com/dbopendata,,,CKAN,https://data.deutschebahn.com/api/3/action/package_list,,,2019-03-09
,Deutscher Wetterdienst,,,,,other,https://opendata.dwd.de/,,,,,,,,,,,,Website,,,,2019-07-29
,Esri Deutschland Open Data Portal,,,,,other,https://opendata-esri-de.opendata.arcgis.com/,,,,,,,,,,,,Website,,,,2019-08-11
,Geobasisdaten und Geodatendienste der Vermessungsverwaltung Baden-Württemberg,,,,,other,https://www.lgl-bw.de/lgl-internet/opencms/de/07_Produkte_und_Dienstleistungen/Open_Data_Initiative/,,,,,,,,geodaten@lgl.bwl.de,,,,Website,,,,2019-07-29
,Metropole Ruhr,,,,,other,https://opendata.ruhr/,2019-10-20,,,,,,Lea Pauly,opendata@rvr.ruhr,https://twitter.com/rvr_ruhr,https://www.facebook.com/RVR.Ruhr,,CKAN,https://opendata.ruhr/api/3/action/package_list,,https://opendata.ruhr/catalog.rdf,2019-11-04
,Nahverkehrsgesellschaft Baden-Württemberg mbH,,,,,other,https://www.nvbw.de/aufgaben/digitale-mobilitaet/open-data/,,,,,,,Dietmar Seifert,opendata@nvbw.de,,,,TYPO3,,,,2019-07-29
,Nordkirche,,,,,other,https://opendata.schleswig-holstein.de/organization/nordkirche,,,,,,,,,,,,,,,,2021-03-04
,OffeneDaten.de,,,,,other,https://offenedaten.de/,,,,,,,,info@okfn.de,,,Open Knowledge Foundation Deutschland,CKAN,https://offenedaten.de/api/3/action/package_list,,,2019-07-29
,OpenData-Plattform ÖPNV,,,,,other,https://www.opendata-oepnv.de/,,,,,,,,opendata-oepnv@vrr.de,,,Verkehrsverbund Rhein-Ruhr AöR,CKAN,https://www.opendata-oepnv.de/api/3/action/package_list,,,2019-08-11
,Baden-Württemberg,,,,,state,http://opendata.service-bw.de,2014-10-08,DE1,,,,,,,,,,,,,,